"Total_Primary_Energy_Production_2013"
"http://www.eia.gov/beta/international/data/browser/index.cfm#?ord=CR&cy=2013&v=H&vo=0&so=0&io=0&start=1980&end=2013&vs=INTL.44-1-AFG-QBTU.A~INTL.44-1-ALB-QBTU.A~INTL.44-1-DZA-QBTU.A~INTL.44-1-ASM-QBTU.A~INTL.44-1-AGO-QBTU.A~INTL.44-1-ATA-QBTU.A~INTL.44-1-ATG-QBTU.A~INTL.44-1-ARG-QBTU.A~INTL.44-1-ARM-QBTU.A~INTL.44-1-ABW-QBTU.A~INTL.44-1-AUS-QBTU.A~INTL.44-1-AUT-QBTU.A~INTL.44-1-AZE-QBTU.A~INTL.44-1-BHS-QBTU.A~INTL.44-1-BHR-QBTU.A~INTL.44-1-BGD-QBTU.A~INTL.44-1-BRB-QBTU.A~INTL.44-1-BLR-QBTU.A~INTL.44-1-BEL-QBTU.A~INTL.44-1-BLZ-QBTU.A~INTL.44-1-BEN-QBTU.A~INTL.44-1-BMU-QBTU.A~INTL.44-1-BTN-QBTU.A~INTL.44-1-BOL-QBTU.A~INTL.44-1-BIH-QBTU.A~INTL.44-1-BWA-QBTU.A~INTL.44-1-BRA-QBTU.A~INTL.44-1-BRN-QBTU.A~INTL.44-1-BGR-QBTU.A~INTL.44-1-BFA-QBTU.A~INTL.44-1-MMR-QBTU.A~INTL.44-1-BDI-QBTU.A~INTL.44-1-KHM-QBTU.A~INTL.44-1-CMR-QBTU.A~INTL.44-1-CAN-QBTU.A~INTL.44-1-CPV-QBTU.A~INTL.44-1-CYM-QBTU.A~INTL.44-1-CAF-QBTU.A~INTL.44-1-TCD-QBTU.A~INTL.44-1-CHL-QBTU.A~INTL.44-1-CHN-QBTU.A~INTL.44-1-COL-QBTU.A~INTL.44-1-COM-QBTU.A~INTL.44-1-COG-QBTU.A~INTL.44-1-COD-QBTU.A~INTL.44-1-COK-QBTU.A~INTL.44-1-CRI-QBTU.A~INTL.44-1-CIV-QBTU.A~INTL.44-1-HRV-QBTU.A~INTL.44-1-CUB-QBTU.A~INTL.44-1-CYP-QBTU.A~INTL.44-1-CZE-QBTU.A~INTL.44-1-DNK-QBTU.A~INTL.44-1-DJI-QBTU.A~INTL.44-1-DMA-QBTU.A~INTL.44-1-DOM-QBTU.A~INTL.44-1-ECU-QBTU.A~INTL.44-1-EGY-QBTU.A~INTL.44-1-SLV-QBTU.A~INTL.44-1-GNQ-QBTU.A~INTL.44-1-ERI-QBTU.A~INTL.44-1-EST-QBTU.A~INTL.44-1-ETH-QBTU.A~INTL.44-1-FLK-QBTU.A~INTL.44-1-FRO-QBTU.A~INTL.44-1-FJI-QBTU.A~INTL.44-1-FIN-QBTU.A~INTL.44-1-CSK-QBTU.A~INTL.44-1-SCG-QBTU.A~INTL.44-1-SUN-QBTU.A~INTL.44-1-YUG-QBTU.A~INTL.44-1-FRA-QBTU.A~INTL.44-1-GUF-QBTU.A~INTL.44-1-PYF-QBTU.A~INTL.44-1-GAB-QBTU.A~INTL.44-1-GMB-QBTU.A~INTL.44-1-GEO-QBTU.A~INTL.44-1-DEU-QBTU.A~INTL.44-1-DDR-QBTU.A~INTL.44-1-DEUW-QBTU.A~INTL.44-1-GHA-QBTU.A~INTL.44-1-GIB-QBTU.A~INTL.44-1-GRC-QBTU.A~INTL.44-1-GRL-QBTU.A~INTL.44-1-GRD-QBTU.A~INTL.44-1-GLP-QBTU.A~INTL.44-1-GUM-QBTU.A~INTL.44-1-GTM-QBTU.A~INTL.44-1-GIN-QBTU.A~INTL.44-1-GNB-QBTU.A~INTL.44-1-GUY-QBTU.A~INTL.44-1-HTI-QBTU.A~INTL.44-1-HITZ-QBTU.A~INTL.44-1-HND-QBTU.A~INTL.44-1-HKG-QBTU.A~INTL.44-1-HUN-QBTU.A~INTL.44-1-ISL-QBTU.A~INTL.44-1-IND-QBTU.A~INTL.44-1-IDN-QBTU.A~INTL.44-1-IRN-QBTU.A~INTL.44-1-IRQ-QBTU.A~INTL.44-1-IRL-QBTU.A~INTL.44-1-ISR-QBTU.A~INTL.44-1-ITA-QBTU.A~INTL.44-1-JAM-QBTU.A~INTL.44-1-JPN-QBTU.A~INTL.44-1-JOR-QBTU.A~INTL.44-1-KAZ-QBTU.A~INTL.44-1-KEN-QBTU.A~INTL.44-1-KIR-QBTU.A~INTL.44-1-PRK-QBTU.A~INTL.44-1-KOR-QBTU.A~INTL.44-1-UNK-QBTU.A~INTL.44-1-KWT-QBTU.A~INTL.44-1-KGZ-QBTU.A~INTL.44-1-LAO-QBTU.A~INTL.44-1-LVA-QBTU.A~INTL.44-1-LBN-QBTU.A~INTL.44-1-LSO-QBTU.A~INTL.44-1-LBR-QBTU.A~INTL.44-1-LBY-QBTU.A~INTL.44-1-LTU-QBTU.A~INTL.44-1-LUX-QBTU.A~INTL.44-1-MAC-QBTU.A~INTL.44-1-MKD-QBTU.A~INTL.44-1-MDG-QBTU.A~INTL.44-1-MWI-QBTU.A~INTL.44-1-MYS-QBTU.A~INTL.44-1-MDV-QBTU.A~INTL.44-1-MLI-QBTU.A~INTL.44-1-MLT-QBTU.A~INTL.44-1-MTQ-QBTU.A~INTL.44-1-MRT-QBTU.A~INTL.44-1-MUS-QBTU.A~INTL.44-1-MEX-QBTU.A~INTL.44-1-MDA-QBTU.A~INTL.44-1-MNG-QBTU.A~INTL.44-1-MNE-QBTU.A~INTL.44-1-MSR-QBTU.A~INTL.44-1-MAR-QBTU.A~INTL.44-1-MOZ-QBTU.A~INTL.44-1-NAM-QBTU.A~INTL.44-1-NRU-QBTU.A~INTL.44-1-NPL-QBTU.A~INTL.44-1-NLD-QBTU.A~INTL.44-1-NLDA-QBTU.A~INTL.44-1-NCL-QBTU.A~INTL.44-1-NZL-QBTU.A~INTL.44-1-NIC-QBTU.A~INTL.44-1-NER-QBTU.A~INTL.44-1-NGA-QBTU.A~INTL.44-1-NIU-QBTU.A~INTL.44-1-MNP-QBTU.A~INTL.44-1-NOR-QBTU.A~INTL.44-1-OMN-QBTU.A~INTL.44-1-PAK-QBTU.A~INTL.44-1-PSE-QBTU.A~INTL.44-1-PAN-QBTU.A~INTL.44-1-PNG-QBTU.A~INTL.44-1-PRY-QBTU.A~INTL.44-1-PER-QBTU.A~INTL.44-1-PHL-QBTU.A~INTL.44-1-POL-QBTU.A~INTL.44-1-PRT-QBTU.A~INTL.44-1-PRI-QBTU.A~INTL.44-1-QAT-QBTU.A~INTL.44-1-REU-QBTU.A~INTL.44-1-ROU-QBTU.A~INTL.44-1-RUS-QBTU.A~INTL.44-1-RWA-QBTU.A~INTL.44-1-SHN-QBTU.A~INTL.44-1-KNA-QBTU.A~INTL.44-1-LCA-QBTU.A~INTL.44-1-SPM-QBTU.A~INTL.44-1-VCT-QBTU.A~INTL.44-1-WSM-QBTU.A~INTL.44-1-STP-QBTU.A~INTL.44-1-SAU-QBTU.A~INTL.44-1-SEN-QBTU.A~INTL.44-1-SRB-QBTU.A~INTL.44-1-SYC-QBTU.A~INTL.44-1-SLE-QBTU.A~INTL.44-1-SGP-QBTU.A~INTL.44-1-SVK-QBTU.A~INTL.44-1-SVN-QBTU.A~INTL.44-1-SLB-QBTU.A~INTL.44-1-SOM-QBTU.A~INTL.44-1-ZAF-QBTU.A~INTL.44-1-ESP-QBTU.A~INTL.44-1-LKA-QBTU.A~INTL.44-1-SDN-QBTU.A~INTL.44-1-SUR-QBTU.A~INTL.44-1-SWZ-QBTU.A~INTL.44-1-SWE-QBTU.A~INTL.44-1-CHE-QBTU.A~INTL.44-1-SYR-QBTU.A~INTL.44-1-TWN-QBTU.A~INTL.44-1-TJK-QBTU.A~INTL.44-1-TZA-QBTU.A~INTL.44-1-THA-QBTU.A~INTL.44-1-TLS-QBTU.A~INTL.44-1-TGO-QBTU.A~INTL.44-1-TON-QBTU.A~INTL.44-1-TTO-QBTU.A~INTL.44-1-TUN-QBTU.A~INTL.44-1-TUR-QBTU.A~INTL.44-1-TKM-QBTU.A~INTL.44-1-TCA-QBTU.A~INTL.44-1-USIQ-QBTU.A~INTL.44-1-USOH-QBTU.A~INTL.44-1-UGA-QBTU.A~INTL.44-1-UKR-QBTU.A~INTL.44-1-ARE-QBTU.A~INTL.44-1-GBR-QBTU.A~INTL.44-1-USA-QBTU.A~INTL.44-1-URY-QBTU.A~INTL.44-1-UZB-QBTU.A~INTL.44-1-VUT-QBTU.A~INTL.44-1-VEN-QBTU.A~INTL.44-1-VNM-QBTU.A~INTL.44-1-VIR-QBTU.A~INTL.44-1-VGB-QBTU.A~INTL.44-1-WAK-QBTU.A~INTL.44-1-ESH-QBTU.A~INTL.44-1-YEM-QBTU.A~INTL.44-1-ZMB-QBTU.A~INTL.44-1-ZWE-QBTU.A&c=ruvvvvvfvtvnvv1urvvvvfvvvvvvfvvvou20evvvvvvvvvnvvuvo&pa=004&f=A&ug=4&ct=0&tl_type=p&tl_id=44-A&s="
"Sun Oct 30 2016 12:47:34 GMT-0400 (Eastern Daylight Time)"
"Source: U.S. Energy Information Administration"
"Units: Quadrillion Btu"
,1980,1981,1982,1983,1984,1985,1986,1987,1988,1989,1990,1991,1992,1993,1994,1995,1996,1997,1998,1999,2000,2001,2002,2003,2004,2005,2006,2007,2008,2009,2010,2011,2012,2013
Afghanistan,0.073,0.093,0.096,0.1,0.1,0.122,0.121,0.116,0.122,0.12,0.022,0.02,0.016,0.016,0.016,0.012,0.012,0.012,0.012,0.012,0.012,0.008,0.008,0.008,0.007,0.007,0.008,0.015,0.016,0.021,0.031,0.044,0.044,0.014
Albania,0.156,0.158,0.206,0.234,0.191,0.192,0.197,0.202,0.186,0.195,0.127,0.095,0.064,0.063,0.068,0.068,0.083,0.073,0.066,0.068,0.061,0.051,0.051,0.069,0.071,0.071,0.068,0.043,0.053,0.064,0.1,0.075,0.084,0.106
Algeria,2.803,3.037,3.225,3.606,3.858,3.907,3.968,4.217,4.297,4.503,4.753,4.916,5.031,4.884,4.736,5.048,5.248,5.592,5.749,6.02,6.191,6.17,6.391,6.789,6.901,7.48,7.418,7.324,7.377,7.06,7.122,7.017,6.997,6.508
American Samoa,,,,,,,,,,,,,,,,,,,,,,,,,,,,,,,,,,
Angola,0.335,0.291,0.276,0.396,0.462,0.511,0.621,0.789,0.989,0.991,1.038,1.092,1.152,1.113,1.169,1.404,1.542,1.549,1.596,1.615,1.622,1.609,1.941,1.956,2.293,2.697,3.058,3.758,4.221,4.041,4.116,3.794,3.871,3.987
Antarctica,,,,,,,,,,,,,,,,,,,,,,,,,,(s),(s),(s),(s),(s),(s),(s),(s),(s)
Antigua and Barbuda,,,,,,,,,,,,,,,,,,,,,,,,,,,,,,,,,,
Argentina,1.598,1.671,1.729,1.785,1.852,1.834,1.843,1.834,1.906,1.985,2.015,2.104,2.28,2.477,2.687,2.911,3.027,3.283,3.376,3.407,3.492,3.66,3.574,3.741,3.755,3.746,3.822,3.663,3.631,3.537,3.429,3.262,3.115,3.092
Armenia,--,--,--,--,--,--,--,--,--,--,--,--,0.031,0.044,0.036,0.02,0.041,0.031,0.032,0.037,0.034,0.033,0.041,0.041,0.046,0.047,0.046,0.046,0.044,0.046,0.052,0.052,0.047,0.046
Aruba,--,--,--,--,--,--,,,,,,,,,,,,,,,,,,,,,,,,(s),(s),(s),(s),(s)
Australia,3.245,3.72,3.737,4.138,4.543,4.996,5.203,5.718,5.275,5.571,6.156,6.437,6.626,6.652,6.919,7.429,7.582,8.311,8.661,8.845,9.657,10.248,10.456,10.312,10.461,10.965,11.099,11.691,11.777,12.193,13.06,12.058,11.669,8.9
Austria,0.471,0.464,0.465,0.455,0.439,0.456,0.455,0.397,0.498,0.499,0.463,0.469,0.495,0.512,0.49,0.519,0.485,0.493,0.513,0.548,0.56,0.552,0.551,0.486,0.515,0.507,0.517,0.541,0.536,0.562,0.544,0.505,0.596,0.567
Azerbaijan,--,--,--,--,--,--,--,--,--,--,--,--,0.779,0.717,0.662,0.645,0.651,0.619,0.731,0.84,0.837,0.88,0.879,0.905,0.888,1.181,1.658,2.236,2.518,2.79,2.876,2.745,2.602,2.506
Bahamas, The,,,,,,,,,,,,,,,,,,,,,,,,,,,,,,,,,,
Bahrain,0.22,0.237,0.243,0.251,0.242,0.271,0.295,0.331,0.297,0.3,0.313,0.333,0.287,0.351,0.348,0.343,0.334,0.399,0.403,0.408,0.415,0.425,0.445,0.452,0.457,0.477,0.5,0.517,0.54,0.542,0.549,0.545,0.612,0.699
Bangladesh,0.054,0.062,0.068,0.072,0.1,0.103,0.112,0.13,0.15,0.165,0.164,0.173,0.204,0.222,0.244,0.264,0.272,0.275,0.296,0.325,0.351,0.374,0.408,0.457,0.497,0.537,0.594,0.624,0.691,0.75,0.762,0.77,0.843,0.871
Barbados,(s),(s),0.003,0.003,0.005,0.005,0.005,0.003,0.004,0.003,0.004,0.003,0.004,0.004,0.003,0.004,0.003,0.003,0.005,0.005,0.004,0.004,0.003,0.003,0.003,0.003,0.003,0.003,0.004,0.002,0.003,0.003,0.003,0.003
Belarus,--,--,--,--,--,--,--,--,--,--,--,--,0.097,0.097,0.096,0.094,0.089,0.086,0.087,0.087,0.087,0.087,0.086,0.084,0.085,0.082,0.083,0.082,0.082,0.077,0.074,0.074,0.067,0.068
Belgium,0.282,0.309,0.336,0.402,0.447,0.508,0.537,0.535,0.503,0.489,0.477,0.473,0.464,0.443,0.427,0.433,0.45,0.487,0.474,0.505,0.499,0.481,0.49,0.488,0.493,0.499,0.497,0.519,0.492,0.519,0.537,0.557,0.498,0.531
Belize,(s),(s),(s),(s),(s),(s),(s),(s),(s),(s),(s),(s),(s),(s),(s),(s),0.001,0.001,0.001,0.001,0.001,0.001,0.001,0.001,0.001,0.001,0.007,0.008,0.009,0.01,0.011,0.011,0.009,0.009
Benin,,,,0.009,0.016,0.018,0.018,0.016,0.011,0.009,0.009,0.009,0.013,0.013,0.013,0.007,0.005,0.003,0.002,0.002,0.002,0.002,0.002,(s),(s),(s),(s),(s),(s),(s),(s),(s),(s),(s)
Bermuda,,,,,,,,,,,,,,,,,,,,,,,,,,,,,,,,,,
Bhutan,(s),(s),(s),(s),(s),(s),0.003,0.012,0.016,0.016,0.016,0.016,0.018,0.017,0.018,0.02,0.021,0.02,0.019,0.02,0.02,0.022,0.024,0.027,0.024,0.028,0.047,0.067,0.071,0.069,0.073,0.071,0.067,0.072
Bolivia,0.148,0.136,0.152,0.151,0.157,0.151,0.148,0.148,0.158,0.169,0.17,0.169,0.178,0.173,0.176,0.197,0.201,0.205,0.211,0.186,0.216,0.277,0.321,0.363,0.505,0.591,0.62,0.656,0.658,0.572,0.639,0.696,0.802,0.908
Bosnia and Herzegovina,--,--,--,--,--,--,--,--,--,--,--,--,0.167,0.138,0.048,0.083,0.076,0.124,0.143,0.151,0.176,0.178,0.19,0.192,0.205,0.208,0.22,0.198,0.204,0.169,0.164,0.157,0.152,0.154
Botswana,0.009,0.009,0.01,0.01,0.01,0.011,0.012,0.012,0.015,0.016,0.019,0.019,0.022,0.022,0.022,0.025,0.021,0.02,0.024,0.024,0.024,0.024,0.024,0.021,0.023,0.025,0.025,0.021,0.023,0.019,0.025,0.02,0.038,0.034
Brazil,1.902,1.998,2.217,2.536,3.041,3.378,3.408,3.446,3.536,3.722,3.759,3.912,3.963,4.095,4.264,4.467,4.834,5.061,5.475,5.879,6.36,6.155,6.702,7.021,7.143,7.664,8.002,8.311,8.559,8.925,9.467,9.909,9.763,9.692
Brunei,0.946,0.806,0.764,0.79,0.736,0.71,0.736,0.689,0.682,0.672,0.724,0.681,0.705,0.711,0.722,0.751,0.727,0.741,0.703,0.775,0.816,0.837,0.793,0.828,0.851,0.888,0.984,0.876,0.835,0.741,0.776,0.828,0.771,0.744
Bulgaria,0.34,0.362,0.393,0.415,0.429,0.407,0.429,0.446,0.457,0.455,0.413,0.375,0.354,0.372,0.378,0.421,0.455,0.416,0.418,0.372,0.405,0.405,0.427,0.397,0.388,0.406,0.421,0.389,0.397,0.383,0.419,0.477,0.441,0.211
Burkina Faso,,,,,,,,,,,(s),(s),(s),(s),(s),(s),0.001,0.001,(s),0.001,(s),(s),(s),(s),0.001,(s),(s),0.001,0.001,0.001,0.001,(s),(s),0.001
Burma (Myanmar),0.086,0.082,0.093,0.097,0.107,0.107,0.105,0.091,0.079,0.088,0.083,0.086,0.086,0.09,0.101,0.1,0.095,0.094,0.101,0.089,0.167,0.277,0.38,0.434,0.459,0.571,0.569,0.604,0.564,0.535,0.56,0.577,0.594,0.629
Burundi,(s),(s),(s),(s),(s),(s),(s),(s),0.001,0.001,0.001,0.001,0.001,0.001,0.001,0.001,0.001,0.001,0.001,(s),(s),0.001,0.001,0.001,(s),(s),(s),0.001,0.001,0.001,0.001,0.001,0.002,0.002
Cambodia,(s),(s),(s),(s),(s),(s),(s),(s),(s),(s),(s),(s),(s),(s),(s),(s),(s),(s),(s),(s),(s),(s),(s),(s),(s),(s),(s),(s),(s),(s),(s),(s),0.005,0.01
Cameroon,0.14,0.208,0.258,0.269,0.316,0.426,0.408,0.402,0.381,0.396,0.377,0.36,0.333,0.302,0.262,0.269,0.264,0.3,0.293,0.251,0.219,0.202,0.184,0.181,0.183,0.216,0.233,0.219,0.22,0.207,0.19,0.182,0.161,0.196
Canada,10.276,10.094,10.097,10.358,11.34,12.02,11.925,12.567,13.412,13.327,13.406,13.959,14.464,15.379,16.341,16.833,17.226,17.479,17.438,17.681,18.128,18.021,18.358,18.269,18.662,18.881,19.232,19.537,19.06,18.358,18.367,18.859,19.132,18.938
Cape Verde,,,,,,,,,,,,,,(s),(s),(s),(s),(s),(s),(s),(s),(s),(s),(s),(s),(s),(s),(s),(s),(s),(s),(s),(s),
Cayman Islands,,,,,,,,,,,,,,,,,,,,,,,,,,,,,,,,,,
Central African Republic,(s),(s),(s),(s),(s),(s),(s),(s),(s),(s),(s),(s),(s),(s),(s),(s),(s),(s),(s),(s),(s),(s),(s),(s),0.001,0.001,0.001,0.001,0.001,0.001,0.001,0.001,0.001,0.001
Chad,,,,,,,,,,,,,,,,,,,,,,,,0.082,0.39,0.402,0.36,0.328,0.29,0.272,0.279,0.262,0.239,0.223
Chile,0.282,0.298,0.272,0.267,0.278,0.283,0.273,0.276,0.275,0.275,0.319,0.311,0.338,0.34,0.337,0.358,0.342,0.344,0.298,0.229,0.282,0.319,0.318,0.341,0.305,0.385,0.402,0.337,0.362,0.391,0.344,0.351,0.328,0.349
China,18.122,17.945,18.921,20.236,22.127,24.303,25.041,25.941,27.146,28.776,29.374,29.622,30.325,31.322,33.285,34.88,36.778,36.089,35.781,35.511,38.473,40.947,43.376,49.345,56.911,63.276,67.559,73.034,76.761,79.323,86.528,94.562,97.332,99.878
Colombia,0.662,0.672,0.756,0.785,0.932,1.018,1.387,1.553,1.616,1.782,1.955,1.872,1.898,1.99,2.011,2.376,2.613,2.842,3.05,3.202,3.078,3.106,2.906,3.128,3.243,3.379,3.611,3.755,4.044,4.195,4.526,5.187,5.334,5.078
Comoros,(s),(s),(s),(s),(s),(s),(s),(s),(s),(s),(s),(s),(s),(s),(s),(s),(s),(s),(s),(s),(s),(s),(s),(s),(s),(s),(s),(s),(s),(s),(s),(s),(s),(s)
Congo (Brazzaville),0.139,0.177,0.19,0.187,0.259,0.258,0.254,0.264,0.308,0.35,0.353,0.334,0.372,0.386,0.383,0.4,0.43,0.557,0.581,0.593,0.615,0.56,0.547,0.538,0.518,0.504,0.529,0.462,0.522,0.599,0.692,0.675,0.664,0.644
Congo (Kinshasa),0.09,0.09,0.095,0.103,0.121,0.126,0.126,0.126,0.122,0.124,0.122,0.117,0.12,0.112,0.112,0.13,0.129,0.114,0.107,0.104,0.119,0.115,0.113,0.112,0.118,0.119,0.12,0.128,0.12,0.126,0.125,0.123,0.121,0.124
Cook Islands,,,,,,,,,,,,,(s),(s),(s),(s),(s),(s),(s),(s),(s),(s),(s),(s),(s),(s),(s),(s),(s),(s),(s),(s),,
Costa Rica,0.022,0.024,0.025,0.03,0.031,0.029,0.03,0.031,0.031,0.034,0.035,0.038,0.042,0.045,0.045,0.041,0.045,0.055,0.05,0.061,0.069,0.07,0.074,0.072,0.079,0.079,0.08,0.082,0.086,0.086,0.087,0.086,0.088,0.084
Cote dIvoire (IvoryCoast),0.016,0.033,0.037,0.061,0.062,0.074,0.055,0.051,0.039,0.017,0.018,0.017,0.014,0.012,0.027,0.037,0.073,0.082,0.087,0.1,0.093,0.092,0.091,0.107,0.121,0.145,0.195,0.184,0.204,0.202,0.164,0.156,0.162,0.16
Croatia,--,--,--,--,--,--,--,--,--,--,--,--,0.202,0.211,0.215,0.21,0.216,0.188,0.192,0.188,0.182,0.19,0.165,0.171,0.179,0.166,0.159,0.155,0.162,0.178,0.189,0.134,0.137,0.168
Cuba,0.024,0.031,0.036,0.041,0.048,0.054,0.057,0.058,0.052,0.053,0.054,0.051,0.058,0.06,0.071,0.073,0.085,0.113,0.101,0.12,0.13,0.138,0.134,0.151,0.158,0.142,0.14,0.145,0.172,0.162,0.169,0.172,0.165,0.161
Cyprus,,,,,,,,,,,,,,,,,,,,,,,,,,(s),(s),(s),(s),(s),0.001,0.002,0.002,0.003
Czech Republic,--,--,--,--,--,--,--,--,--,--,--,--,--,1.201,1.116,1.061,1.113,0.895,0.841,0.76,0.814,0.839,0.868,0.915,0.91,0.895,0.919,1.066,1.049,1.004,1.023,1.057,1.064,1.001
Denmark,0.013,0.031,0.073,0.096,0.108,0.168,0.239,0.305,0.311,0.367,0.382,0.461,0.514,0.556,0.595,0.615,0.709,0.817,0.84,0.982,1.145,1.118,1.179,1.184,1.285,1.301,1.219,1.12,1.092,0.968,0.953,0.856,0.789,0.714
Djibouti,,,,,,,,,,,,,,,,,,,,,,,,,,,,,,,,,,
Dominica,(s),(s),(s),(s),(s),(s),(s),(s),(s),(s),(s),(s),(s),(s),(s),(s),(s),(s),(s),(s),(s),(s),(s),(s),(s),(s),(s),(s),(s),(s),(s),(s),(s),(s)
Dominican Republic,0.007,0.009,0.009,0.009,0.007,0.011,0.01,0.01,0.009,0.006,0.004,0.006,0.006,0.012,0.006,0.007,0.009,0.007,0.008,0.012,0.008,0.008,0.009,0.013,0.017,0.019,0.018,0.017,0.014,0.015,0.014,0.016,0.017,0.023
Ecuador,0.463,0.475,0.476,0.543,0.607,0.662,0.692,0.432,0.717,0.667,0.682,0.713,0.763,0.821,0.874,0.919,0.944,0.924,0.897,0.898,0.954,0.985,0.942,0.98,1.242,1.246,1.263,1.23,1.232,1.168,1.165,1.214,1.247,1.282
Egypt,1.453,1.481,1.691,1.841,2.08,2.233,2.093,2.299,2.238,2.32,2.361,2.396,2.388,2.481,2.522,2.599,2.649,2.513,2.477,2.594,2.547,2.691,2.667,2.85,2.858,3.129,3.19,3.249,3.762,3.923,3.886,3.848,3.873,3.713
El Salvador,0.016,0.016,0.017,0.016,0.018,0.017,0.017,0.016,0.018,0.019,0.019,0.013,0.014,0.016,0.017,0.02,0.024,0.02,0.021,0.024,0.02,0.022,0.022,0.026,0.025,0.028,0.032,0.032,0.037,0.032,0.038,0.037,0.036,0.035
Equatorial Guinea,(s),(s),(s),(s),(s),(s),(s),(s),(s),(s),(s),(s),0.003,0.009,0.01,0.01,0.034,0.105,0.166,0.204,0.336,0.363,0.471,0.46,0.739,0.79,0.761,0.831,0.927,0.91,0.873,0.84,0.85,0.802
Eritrea,--,--,--,--,--,--,--,--,--,--,--,--,--,--,,,,(s),(s),(s),(s),(s),(s),(s),(s),(s),(s),(s),(s),(s),(s),(s),,
Estonia,--,--,--,--,--,--,--,--,--,--,--,--,(s),(s),(s),(s),(s),(s),(s),(s),(s),(s),(s),(s),(s),0.001,0.001,0.001,0.002,0.005,0.01,0.011,0.014,0.012
Ethiopia,0.005,0.005,0.006,0.007,0.007,0.008,0.009,0.009,0.01,0.01,0.011,0.011,0.012,0.013,0.014,0.015,0.015,0.016,0.016,0.016,0.017,0.02,0.02,0.023,0.025,0.028,0.032,0.033,0.032,0.035,0.049,0.061,0.072,0.083
Falkland Islands (Islas Malvinas),,,,,,,,,,,,,,,,,,,,,(s),(s),(s),(s),(s),(s),(s),(s),(s),(s),(s),(s),(s),(s)
Faroe Islands,(s),(s),(s),(s),(s),(s),(s),(s),(s),(s),(s),(s),(s),(s),(s),(s),(s),(s),(s),(s),(s),(s),(s),(s),0.001,0.001,0.001,0.001,0.001,0.001,(s),0.001,(s),(s)
Fiji,,,,(s),0.003,0.003,0.004,0.004,0.004,0.004,0.004,0.004,0.004,0.004,0.004,0.005,0.005,0.005,0.004,0.005,0.004,0.005,0.005,0.004,0.004,0.004,0.004,0.005,0.005,0.005,0.004,0.005,0.005,0.005
Finland,0.174,0.285,0.299,0.315,0.321,0.314,0.315,0.334,0.328,0.321,0.355,0.379,0.394,0.394,0.377,0.387,0.374,0.402,0.463,0.442,0.456,0.443,0.418,0.415,0.477,0.463,0.447,0.47,0.497,0.441,0.458,0.461,0.495,0.475
Former Czechoslovakia,1.666,1.645,1.676,1.73,1.774,1.807,1.874,1.916,1.902,1.843,1.675,1.559,1.48,--,--,--,--,--,--,--,--,--,--,--,--,--,--,--,--,--,--,--,--,--
Former Serbia and Montenegro,--,--,--,--,--,--,--,--,--,--,--,--,0.536,0.516,0.493,0.444,0.6,0.581,0.597,0.495,0.538,0.545,0.553,0.541,0.551,0.521,--,--,--,--,--,--,--,--
Former U.S.S.R.,56.463,56.856,58.738,60.251,63.329,65.264,67.74,69.72,72.268,71.895,72.111,66.438,--,--,--,--,--,--,--,--,--,--,--,--,--,--,--,--,--,--,--,--,--,--
Former Yugoslavia,1.047,1.149,1.184,1.23,1.354,1.421,1.464,1.44,1.46,1.443,1.389,1.291,--,--,--,--,--,--,--,--,--,--,--,--,--,--,--,--,--,--,--,--,--,--
France,2.384,2.721,2.673,3.007,3.414,3.598,3.852,3.981,4.067,4.059,4.264,4.468,4.632,4.849,4.878,4.979,5.04,4.937,4.79,4.937,5.041,5.155,5.141,5.159,5.188,5.139,5.176,5.101,5.148,4.803,5.091,5.089,5.079,5.154
French Guiana,,,,,,,,,,,,,,,,,,,,,,0.005,0.006,0.006,0.006,0.006,0.006,0.007,0.007,0.007,0.007,0.006,0.005,0.005
French Polynesia,,,,(s),(s),(s),(s),(s),(s),(s),(s),(s),(s),(s),(s),0.001,0.001,0.001,0.002,(s),0.001,0.001,0.001,0.002,0.002,0.002,0.002,0.002,0.002,0.002,0.003,0.002,0.002,0.001
Gabon,0.382,0.331,0.342,0.349,0.35,0.379,0.365,0.344,0.353,0.458,0.591,0.643,0.653,0.683,0.718,0.796,0.805,0.808,0.768,0.724,0.69,0.592,0.553,0.531,0.528,0.584,0.523,0.536,0.546,0.532,0.54,0.537,0.491,0.537
Gambia, The,,,,,,,,,,,,,,,,,,,,,,,,,,,,,,,,,,
Georgia,--,--,--,--,--,--,--,--,--,--,--,--,0.076,0.074,0.076,0.056,0.064,0.069,0.071,0.072,0.066,0.063,0.072,0.072,0.065,0.067,0.055,0.069,0.073,0.077,0.095,0.081,0.075,0.087
Germany,--,--,--,--,--,--,--,--,--,--,--,6.359,6.176,5.849,5.716,5.667,5.498,5.571,5.269,5.32,5.327,5.295,5.313,5.281,5.36,5.254,5.295,5.248,5.07,4.795,4.824,4.702,4.795,4.548
Germany, East,2.429,2.505,2.555,2.604,2.771,2.916,2.876,2.847,2.87,2.782,2.325,--,--,--,--,--,--,--,--,--,--,--,--,--,--,--,--,--,--,--,--,--,--,--
Germany, West,4.789,4.925,4.933,4.806,5.018,5.344,5.152,5.185,5.234,5.12,4.867,--,--,--,--,--,--,--,--,--,--,--,--,--,--,--,--,--,--,--,--,--,--,--
Ghana,0.059,0.06,0.056,0.031,0.023,0.033,0.046,0.048,0.05,0.054,0.059,0.063,0.07,0.068,0.065,0.071,0.081,0.08,0.05,0.065,0.082,0.083,0.066,0.054,0.068,0.069,0.068,0.049,0.073,0.079,0.083,0.238,0.246,0.29
Gibraltar,,,,,,,,,,,,,,,,,,,,,,,,,,,,,,,,,,
Greece,0.174,0.217,0.252,0.266,0.288,0.305,0.324,0.356,0.369,0.377,0.371,0.39,0.332,0.352,0.347,0.358,0.352,0.385,0.395,0.387,0.4,0.395,0.405,0.416,0.417,0.417,0.404,0.38,0.387,0.406,0.389,0.375,0.414,0.413
Greenland,,,,,,,,,,,,,,,,,,,,,,,,,,,,,,,,,,
Grenada,,,,,,,,,,,,,,,,,,,,,,,,,,,,,,,,,,
Guadeloupe,,,,,,,(s),(s),(s),(s),(s),(s),(s),(s),(s),(s),(s),(s),(s),(s),(s),(s),(s),0.002,0.002,0.001,0.001,0.001,0.001,0.001,0.001,0.001,(s),(s)
Guam,,,,,,,,,,,,,,,,,,,,,,,,,,,,,,,,,,
Guatemala,0.017,0.015,0.019,0.024,0.018,0.014,0.029,0.027,0.026,0.031,0.034,0.035,0.033,0.039,0.043,0.045,0.052,0.058,0.074,0.082,0.079,0.076,0.067,0.091,0.085,0.08,0.089,0.081,0.081,0.072,0.081,0.081,0.082,0.085
Guinea,0.002,0.002,0.002,0.002,0.002,0.002,0.002,0.002,0.002,0.002,0.002,0.002,0.002,0.002,0.002,0.002,0.002,0.003,0.003,0.004,0.004,0.006,0.006,0.004,0.005,0.005,0.005,0.005,0.005,0.005,0.005,0.005,0.005,0.005
Guinea-Bissau,,,,,,,,,,,,,,,,,,,,,,,,,,,,,,,,,,
Guyana,(s),(s),(s),(s),(s),(s),(s),(s),(s),(s),(s),(s),(s),(s),(s),(s),(s),(s),(s),(s),,,,,,,,,,,,,,
Haiti,0.002,0.002,0.003,0.003,0.003,0.003,0.003,0.003,0.003,0.003,0.004,0.004,0.003,0.003,0.002,0.003,0.003,0.002,0.003,0.003,0.003,0.003,0.003,0.003,0.003,0.003,0.003,0.002,0.002,0.002,0.002,0.001,0.002,0.001
Hawaiian Trade Zone,,,,,,,,--,--,--,--,--,--,--,--,--,--,--,--,--,--,--,--,--,--,--,--,--,--,--,--,--,--,--
Honduras,0.008,0.009,0.009,0.009,0.009,0.009,0.013,0.012,0.018,0.019,0.021,0.022,0.022,0.023,0.019,0.017,0.021,0.021,0.019,0.022,0.023,0.02,0.016,0.018,0.015,0.019,0.022,0.023,0.024,0.029,0.031,0.033,0.036,0.036
Hong Kong,,,,,,,,,,,,,,,,,,,,,,,,,,,(s),(s),(s),(s),(s),(s),(s),(s)
Hungary,0.6,0.596,0.625,0.631,0.655,0.687,0.678,0.702,0.695,0.663,0.603,0.565,0.553,0.524,0.522,0.52,0.512,0.525,0.476,0.459,0.453,0.449,0.418,0.391,0.397,0.399,0.393,0.384,0.385,0.403,0.4,0.391,0.373,0.347
Iceland,0.032,0.034,0.037,0.04,0.041,0.04,0.042,0.043,0.046,0.047,0.046,0.046,0.047,0.048,0.049,0.051,0.052,0.056,0.063,0.073,0.078,0.082,0.085,0.085,0.086,0.086,0.098,0.118,0.161,0.163,0.165,0.166,0.166,0.165
India,3.138,3.673,3.956,4.343,4.682,5.007,5.376,5.573,6.145,6.424,6.833,7.165,7.365,7.503,7.979,9.476,9.189,9.411,9.456,9.595,9.833,10.235,10.083,10.645,11.238,11.943,12.612,13.261,13.874,14.934,15.709,16.148,16.178,14.902
Indonesia,4.227,4.335,3.71,3.85,4.295,4.197,4.397,4.394,4.569,4.981,5.302,5.898,6.082,6.315,6.652,6.95,7.434,7.412,7.414,7.666,7.443,6.988,7.851,7.987,8.076,8.47,8.879,9.698,9.589,10.949,13.777,15.798,16.957,15.999
Iran,3.944,3.287,5.136,5.678,5.305,5.587,5.064,5.669,5.709,7.015,7.67,8.265,8.527,8.833,9.162,9.347,9.646,9.84,9.896,9.996,10.398,10.672,10.444,11.356,12.056,13.115,13.124,12.996,13.357,14.259,14.607,14.785,13.631,13.032
Iraq,5.45,2.163,2.189,2.168,2.611,3.09,3.659,4.577,5.97,6.472,4.542,0.715,1.018,1.211,1.328,1.352,1.39,2.604,4.706,5.475,5.622,5.217,4.422,2.844,4.378,4.124,4.393,4.562,5.183,5.171,5.209,5.668,6.449,6.606
Ireland,0.043,0.06,0.083,0.088,0.092,0.098,0.071,0.068,0.082,0.09,0.091,0.093,0.092,0.103,0.106,0.107,0.103,0.092,0.074,0.06,0.056,0.04,0.044,0.036,0.044,0.039,0.043,0.044,0.051,0.054,0.047,0.06,0.058,0.06
Israel,0.081,0.083,0.005,0.004,0.004,0.004,0.004,0.003,0.002,0.002,0.002,0.002,0.001,0.002,0.002,0.001,0.001,0.002,0.001,0.001,(s),(s),(s),0.001,0.028,0.027,0.035,0.041,0.052,0.044,0.058,0.097,0.055,0.172
Italy,1.085,1.117,1.166,1.118,1.166,1.167,1.254,1.192,1.263,1.188,1.187,1.285,1.318,1.348,1.421,1.358,1.428,1.42,1.404,1.345,1.324,1.295,1.22,1.177,1.255,1.192,1.16,1.083,1.131,1.149,1.268,1.335,1.414,1.572
Jamaica,0.002,0.002,0.002,0.002,0.001,0.001,0.002,0.002,0.002,0.002,0.002,0.002,0.002,0.002,0.002,0.002,0.002,0.002,0.002,0.002,0.002,0.001,0.001,0.001,0.002,0.002,0.003,0.002,0.003,0.003,0.003,0.004,0.004,0.004
Japan,2.298,2.319,2.472,2.617,2.731,3.074,3.153,3.347,3.313,3.322,3.47,3.682,3.616,3.987,3.864,4.255,4.344,4.581,4.674,4.47,4.513,4.475,4.174,3.74,4.155,4.15,4.357,4.001,3.715,3.919,4.294,3.058,1.579,1.656
Jordan,,,,,,,0.002,0.001,0.001,0.004,0.006,0.006,0.006,0.008,0.011,0.011,0.01,0.011,0.011,0.011,0.011,0.011,0.012,0.012,0.012,0.011,0.012,0.01,0.008,0.009,0.009,0.009,0.007,0.006
Kazakhstan,--,--,--,--,--,--,--,--,--,--,--,--,3.641,3.261,2.608,2.326,2.41,2.472,2.428,2.626,3.383,3.687,3.984,4.161,4.652,4.864,5.137,5.285,5.553,5.574,5.825,6.085,6.486,6.216
Kenya,0.012,0.016,0.017,0.02,0.019,0.022,0.023,0.024,0.029,0.031,0.032,0.034,0.034,0.036,0.035,0.038,0.04,0.038,0.038,0.03,0.021,0.033,0.039,0.044,0.042,0.043,0.045,0.047,0.041,0.036,0.049,0.05,0.058,0.056
Kiribati,,,,,,,,,,,,,,,,,,,,,,,,,,,,,,,,,,
Korea, North,0.865,0.9,0.942,0.951,0.975,0.803,0.803,0.803,0.965,0.769,0.988,0.932,0.859,0.797,0.761,0.724,0.649,0.595,0.543,0.606,0.635,0.655,0.625,0.646,0.665,0.703,0.711,0.706,0.734,0.729,0.728,0.744,0.752,0.768
Korea, South,0.381,0.405,0.411,0.468,0.52,0.6,0.743,0.861,0.848,0.871,0.863,0.845,0.787,0.769,0.716,0.772,0.819,0.843,0.976,1.103,1.234,1.252,1.227,1.341,1.344,1.478,1.514,1.472,1.543,1.522,1.539,1.611,1.557,1.437
Kosovo,--,--,--,--,--,--,--,--,--,--,--,--,--,--,--,--,--,--,--,--,--,--,--,--,--,--,--,--,0.069,0.077,0.078,0.074,0.078,0.062
Kuwait,3.99,2.628,1.945,2.513,2.761,2.44,3.363,3.767,3.627,4.316,2.832,0.429,2.442,4.284,4.727,4.812,4.942,4.847,5.015,4.597,5.036,4.814,4.581,5.142,5.706,6.108,6.125,5.973,6.28,5.682,5.624,6.188,6.517,6.563
Kyrgyzstan,--,--,--,--,--,--,--,--,--,--,--,--,0.133,0.121,0.136,0.125,0.137,0.123,0.111,0.133,0.15,0.139,0.119,0.146,0.151,0.137,0.133,0.134,0.11,0.111,0.119,0.151,0.155,0.148
Laos,0.01,0.011,0.012,0.011,0.01,0.009,0.009,0.006,0.005,0.007,0.009,0.009,0.009,0.009,0.009,0.011,0.014,0.014,0.022,0.031,0.04,0.04,0.041,0.036,0.04,0.042,0.043,0.048,0.049,0.047,0.085,0.121,0.12,0.142
Latvia,--,--,--,--,--,--,--,--,--,--,--,--,0.026,0.029,0.034,0.03,0.019,0.03,0.031,0.028,0.029,0.029,0.025,0.023,0.032,0.034,0.027,0.028,0.031,0.034,0.035,0.03,0.039,0.033
Lebanon,0.009,0.009,0.007,0.006,0.006,0.006,0.006,0.006,0.006,0.005,0.003,0.005,0.006,0.007,0.008,0.007,0.008,0.009,0.008,0.003,0.005,0.003,0.007,0.014,0.011,0.01,0.007,0.006,0.004,0.006,0.008,0.008,0.009,0.011
Lesotho,,,,,,,,,,,,,,,,,,,,0.002,0.003,0.003,0.003,0.003,0.003,0.005,0.005,0.005,0.006,0.006,0.007,0.006,0.005,0.005
Liberia,0.003,0.003,0.003,0.003,0.002,0.003,0.003,0.003,0.003,0.003,,,,,,,,,,,,,,,,,,,,,,,,
Libya,4.029,2.574,2.613,2.523,2.526,2.462,2.434,2.294,2.735,2.701,3.183,3.432,3.342,3.169,3.205,3.228,3.276,3.386,3.26,3.068,3.298,3.207,3.112,3.301,3.609,3.99,4.223,4.366,4.465,4.273,4.306,1.323,3.527,2.484
Lithuania,--,--,--,--,--,--,--,--,--,--,--,--,0.151,0.138,0.089,0.124,0.145,0.127,0.153,0.114,0.102,0.139,0.166,0.177,0.17,0.116,0.097,0.109,0.11,0.118,0.013,0.013,0.016,0.017
Luxembourg,0.001,0.001,0.001,0.001,0.001,0.001,0.001,0.001,0.001,0.001,0.001,0.001,0.001,0.001,0.002,0.001,0.001,0.001,0.002,0.002,0.002,0.002,0.002,0.002,0.002,0.002,0.003,0.003,0.003,0.003,0.003,0.002,0.003,0.004
Macau,,,,,,,,,,,,,,,,,,,,,,,,,,,,,,,,,,
Macedonia,--,--,--,--,--,--,--,--,--,--,--,--,0.069,0.066,0.067,0.072,0.071,0.075,0.083,0.079,0.062,0.061,0.061,0.066,0.066,0.064,0.063,0.056,0.062,0.065,0.071,0.072,0.063,0.06
Madagascar,0.002,0.002,0.002,0.003,0.003,0.003,0.003,0.003,0.003,0.003,0.004,0.003,0.004,0.004,0.004,0.004,0.004,0.005,0.005,0.005,0.006,0.005,0.005,0.006,0.006,0.006,0.006,0.007,0.007,0.007,0.007,0.007,0.013,0.014
Malawi,0.004,0.004,0.004,0.005,0.005,0.005,0.005,0.006,0.006,0.006,0.007,0.008,0.008,0.008,0.008,0.009,0.009,0.009,0.01,0.011,0.012,0.012,0.013,0.013,0.014,0.014,0.015,0.015,0.016,0.016,0.018,0.019,0.019,0.018
Malaysia,0.661,0.63,0.708,0.931,1.308,1.426,1.656,1.679,1.81,1.923,2.033,2.192,2.263,2.338,2.41,2.592,2.836,3.01,3.143,3.159,3.314,3.341,3.433,3.66,3.709,3.736,3.673,3.788,3.882,3.81,3.842,3.738,3.776,3.804
Maldives,,,,,,,,,,,,,,,,,,,,,,,,,,(s),(s),(s),(s),(s),(s),(s),,
Mali,(s),(s),0.001,0.001,0.001,0.001,0.002,0.002,0.002,0.002,0.002,0.002,0.002,0.002,0.002,0.002,0.002,0.002,0.002,0.002,0.002,0.002,0.002,0.002,0.002,0.004,0.005,0.005,0.006,0.006,0.007,0.007,0.007,0.007
Malta,,,,,,,,,,,,,,,,,,,,,,,,,,,,,,(s),(s),(s),(s),(s)
Martinique,,,,,,,,,,,,,,,,,,,,,,,,,,(s),(s),(s),(s),(s),(s),(s),(s),(s)
Mauritania,(s),(s),(s),(s),(s),(s),(s),(s),(s),(s),(s),(s),(s),(s),(s),(s),(s),(s),(s),(s),(s),(s),(s),(s),(s),(s),0.066,0.033,0.028,0.025,0.019,0.018,0.015,0.016
Mauritius,(s),(s),(s),(s),(s),0.001,0.001,0.001,0.001,0.002,(s),(s),0.001,0.001,(s),0.001,0.001,(s),0.001,0.003,0.005,0.005,0.005,0.006,0.006,0.005,0.005,0.005,0.006,0.006,0.006,0.005,0.005,0.006
Mexico,5.713,6.742,7.793,7.659,7.887,7.829,7.1,7.348,7.353,7.374,7.641,7.962,7.966,8.065,8.147,8.09,8.786,9.094,9.345,9.094,9.376,9.588,9.649,10.095,10.006,10.028,10.056,9.758,9.171,8.616,8.83,8.867,8.726,8.542
Moldova,--,--,--,--,--,--,--,--,--,--,--,--,0.007,0.007,0.005,0.004,0.004,0.005,0.004,0.004,0.004,0.004,0.004,0.004,0.004,0.004,0.004,0.003,0.004,0.003,0.004,0.003,0.003,0.003
Mongolia,0.054,0.048,0.06,0.061,0.061,0.073,0.078,0.087,0.097,0.091,0.081,0.097,0.081,0.071,0.064,0.07,0.046,0.042,0.044,0.043,0.045,0.045,0.048,0.047,0.061,0.1,0.118,0.142,0.167,0.256,0.513,0.693,0.636,0.189
Montenegro,--,--,--,--,--,--,--,--,--,--,--,--,--,--,--,--,--,--,--,--,--,--,--,--,--,--,0.031,0.023,0.03,0.028,0.044,0.029,0.03,0.041
Montserrat,,,,,,,,,,,,,,,,,,,,,,,,,,,,,,,,,,
Morocco,0.039,0.036,0.032,0.032,0.032,0.032,0.033,0.03,0.031,0.029,0.03,0.031,0.028,0.023,0.028,0.026,0.036,0.034,0.024,0.014,0.011,0.014,0.013,0.019,0.021,0.015,0.015,0.014,0.015,0.032,0.043,0.031,0.026,0.044
Mozambique,0.145,0.044,0.036,0.054,0.007,0.002,(s),0.001,0.002,0.002,0.004,0.004,0.004,0.005,0.005,0.005,0.005,0.01,0.018,0.08,0.1,0.124,0.131,0.113,0.159,0.211,0.238,0.253,0.254,0.261,0.274,0.315,0.398,0.348
Namibia,--,--,--,--,--,--,--,--,--,--,,,,,,0.012,0.009,0.006,0.01,0.012,0.014,0.014,0.015,0.015,0.016,0.016,0.016,0.015,0.015,0.014,0.012,0.014,0.015,0.012
Nauru,,,,,,,,,,,,,,,,,,,,,,,,,,,,,,,,,,
Nepal,0.002,0.002,0.002,0.003,0.004,0.004,0.005,0.006,0.006,0.006,0.009,0.009,0.009,0.009,0.01,0.012,0.012,0.011,0.012,0.015,0.017,0.019,0.022,0.023,0.024,0.025,0.027,0.028,0.028,0.03,0.031,0.034,0.034,0.035
Netherlands,3.156,2.937,2.539,2.724,2.763,2.921,2.741,2.73,2.422,2.604,2.635,2.951,2.927,2.977,2.913,2.907,3.248,2.881,2.769,2.555,2.473,2.63,2.615,2.527,2.941,2.704,2.654,2.646,2.87,2.709,3.007,2.774,2.759,2.934
Netherlands Antilles,,,,,,,,,,,,,,(s),(s),(s),(s),(s),(s),(s),(s),(s),(s),(s),(s),(s),(s),(s),(s),(s),(s),(s),,
New Caledonia,0.003,0.003,0.004,0.003,0.004,0.005,0.004,0.003,0.005,0.005,0.005,0.004,0.004,0.004,0.004,0.004,0.004,0.004,0.004,0.005,0.005,0.004,0.003,0.003,0.003,0.004,0.003,0.004,0.005,0.004,0.003,0.004,0.004,0.004
New Zealand,0.322,0.339,0.369,0.399,0.432,0.458,0.526,0.52,0.557,0.575,0.59,0.612,0.598,0.62,0.632,0.638,0.658,0.692,0.642,0.675,0.68,0.682,0.711,0.644,0.649,0.611,0.626,0.665,0.687,0.703,0.75,0.715,0.696,0.615
Nicaragua,0.006,0.005,0.005,0.004,0.006,0.006,0.005,0.006,0.006,0.01,0.008,0.008,0.007,0.009,0.008,0.007,0.007,0.006,0.005,0.005,0.004,0.004,0.006,0.007,0.007,0.009,0.008,0.008,0.012,0.01,0.013,0.012,0.016,0.019
Niger,(s),(s),0.001,0.004,0.004,0.004,0.003,0.005,0.004,0.005,0.005,0.005,0.005,0.005,0.005,0.005,0.005,0.004,0.004,0.004,0.004,0.004,0.005,0.005,0.006,0.005,0.005,0.004,0.005,0.006,0.006,0.021,0.049,0.043
Nigeria,4.495,3.182,2.858,2.769,3.118,3.357,3.311,3.053,3.303,3.902,4.069,4.3,4.427,4.451,4.37,4.525,4.564,4.85,4.899,4.891,5.178,5.454,5.154,5.708,5.899,6.523,6.325,6.275,5.899,5.714,6.376,6.661,7.052,6.553
Niue,,,,,,,,,,,,,,,,,,,,,,,,,,,,,,,,,,
Norway,2.929,3.02,3.016,3.437,3.674,3.771,3.91,4.336,4.685,5.587,5.804,6.175,6.863,7.12,7.774,8.349,9.262,9.583,9.331,9.532,10.3,10.301,10.69,10.631,10.792,10.657,10.123,9.919,10.125,9.877,9.453,9.054,9.462,8.967
Oman,0.638,0.721,0.74,0.86,0.944,1.131,1.28,1.34,1.412,1.493,1.588,1.643,1.722,1.817,1.902,1.995,2.067,2.131,2.197,2.166,2.427,2.479,2.484,2.349,2.258,2.385,2.448,2.398,2.502,2.641,2.836,2.861,3.149,3.202
Pakistan,0.427,0.461,0.513,0.52,0.545,0.592,0.648,0.69,0.742,0.777,0.818,0.888,0.937,0.944,1.015,1.038,1.056,1.07,1.06,1.096,1.146,1.124,1.143,1.25,1.319,1.487,1.648,1.642,1.644,1.66,1.744,1.712,1.806,1.788
Palestinian Territories,--,--,--,--,--,--,--,--,--,--,--,--,--,--,--,--,--,,,,,,,,,,,,,,,,,
Panama,0.01,0.015,0.013,0.01,0.017,0.021,0.023,0.022,0.024,0.023,0.023,0.021,0.02,0.024,0.025,0.025,0.031,0.03,0.022,0.032,0.035,0.026,0.034,0.029,0.038,0.037,0.036,0.037,0.039,0.038,0.041,0.04,0.051,0.061
Papua New Guinea,0.003,0.003,0.003,0.004,0.004,0.004,0.005,0.005,0.005,0.005,0.005,0.005,0.116,0.265,0.232,0.217,0.227,0.175,0.175,0.211,0.157,0.152,0.126,0.118,0.108,0.098,0.107,0.103,0.095,0.087,0.078,0.076,0.066,0.069
Paraguay,0.007,0.008,0.007,0.008,0.009,0.042,0.124,0.193,0.205,0.253,0.283,0.306,0.281,0.321,0.372,0.43,0.464,0.514,0.514,0.526,0.54,0.464,0.486,0.519,0.515,0.506,0.528,0.526,0.541,0.531,0.522,0.554,0.567,0.57
Peru,0.539,0.557,0.562,0.504,0.537,0.56,0.544,0.512,0.455,0.427,0.405,0.385,0.37,0.425,0.439,0.442,0.427,0.397,0.402,0.39,0.387,0.399,0.403,0.4,0.407,0.472,0.505,0.539,0.588,0.622,0.808,0.988,1.012,1.05
Philippines,0.096,0.078,0.104,0.123,0.152,0.154,0.153,0.139,0.155,0.161,0.157,0.149,0.157,0.164,0.171,0.159,0.167,0.159,0.167,0.213,0.227,0.23,0.302,0.355,0.402,0.405,0.387,0.419,0.442,0.467,0.496,0.507,0.523,0.488
Poland,4.786,4.085,4.657,4.726,4.804,4.865,4.919,4.977,4.978,4.609,3.864,3.728,3.664,3.682,3.742,3.593,3.833,3.839,3.361,3.507,3.06,3.077,3.081,3.078,3.049,2.98,2.912,2.737,2.667,2.519,2.507,2.575,2.708,2.329
Portugal,0.088,0.058,0.078,0.09,0.107,0.119,0.097,0.104,0.134,0.07,0.105,0.106,0.06,0.099,0.121,0.096,0.162,0.144,0.143,0.089,0.133,0.164,0.101,0.181,0.125,0.085,0.158,0.162,0.144,0.178,0.275,0.233,0.184,0.278
Puerto Rico,0.002,0.001,0.001,0.001,0.001,0.002,0.002,0.003,0.003,0.003,0.001,0.001,0.001,0.001,(s),(s),0.001,0.001,0.001,0.002,0.002,0.001,0.001,0.001,0.001,0.001,0.001,0.002,0.002,0.002,0.001,0.002,0.002,0.003
Qatar,1.2,1.052,0.932,0.839,1.091,0.876,0.882,0.858,0.99,1.06,1.2,1.245,1.391,1.446,1.443,1.507,1.655,1.9,2.308,2.371,2.829,2.744,2.807,3.14,3.701,4.225,4.476,5.109,5.907,6.564,8.101,9.528,9.554,9.622
Reunion,0.003,0.004,0.004,0.005,0.004,0.005,0.005,0.005,0.004,0.005,0.006,0.005,0.005,0.005,0.005,0.005,0.006,0.007,0.008,0.008,0.008,0.008,0.008,0.008,0.008,0.008,0.008,0.009,0.006,0.005,0.006,0.006,0.006,0.006
Romania,2.29,2.357,2.476,2.576,2.515,2.414,2.487,2.488,2.479,2.294,1.873,1.622,1.506,1.458,1.423,1.449,1.43,1.403,1.252,1.207,1.191,1.251,1.201,1.137,1.144,1.15,1.177,1.163,1.188,1.133,1.135,1.129,1.09,1.041
Russia,--,--,--,--,--,--,--,--,--,--,--,--,47.99,44.687,42.303,41.418,39.946,38.741,39.065,40.809,41.695,42.829,44.163,47.164,49.864,51.051,52.143,52.608,52.616,50.164,53.922,54.856,55.6,54.544
Rwanda,0.001,0.001,0.001,0.002,0.002,0.002,0.002,0.002,0.002,0.002,0.002,0.002,0.002,0.002,0.002,0.002,0.001,0.002,0.002,0.001,0.001,(s),(s),0.001,(s),(s),(s),(s),(s),(s),0.001,0.001,0.001,0.002
Saint Helena,,,,,,,,,,,,,,,,,,,,,,,,,,,,,,,,,,
Saint Kitts and Nevis,,,,,,,,,,,,,,,,,,,,,,,,,,,,,,,,,,
Saint Lucia,,,,,,,,,,,,,,,,,,,,,,,,,,,,,,,,,,
Saint Pierre and Miquelon,,,,,,,,,,,,,,,,,,,,,,,,,,,,,,,,,,
Saint Vincent/Grenadines,(s),(s),(s),(s),(s),(s),(s),(s),(s),(s),(s),(s),(s),(s),(s),(s),(s),(s),(s),(s),(s),(s),(s),(s),(s),(s),(s),(s),(s),(s),(s),(s),(s),(s)
Samoa,(s),(s),(s),(s),(s),(s),(s),(s),(s),(s),(s),(s),(s),(s),(s),(s),(s),(s),(s),(s),(s),(s),(s),(s),(s),(s),(s),(s),(s),(s),(s),(s),(s),(s)
Sao Tome and Principe,(s),(s),(s),(s),(s),(s),(s),(s),(s),(s),(s),(s),(s),(s),(s),(s),(s),(s),(s),(s),(s),(s),(s),(s),(s),(s),(s),(s),(s),(s),(s),(s),(s),(s)
Saudi Arabia,22.434,22.437,15.104,11.923,11.29,8.642,12.036,10.842,12.856,12.809,15.92,19.747,20.392,20.108,20.39,20.659,20.815,21.243,21.415,20.178,21.593,20.946,20.27,23.049,24.627,26.063,25.285,24.514,26.177,23.705,25.345,26.715,27.938,27.597
Senegal,,,,,,,,,,,(s),(s),(s),0.001,0.002,0.002,0.002,0.002,0.002,0.002,0.002,0.002,0.004,0.006,0.005,0.005,0.004,0.004,0.004,0.004,0.004,0.004,0.005,0.005
Serbia,--,--,--,--,--,--,--,--,--,--,--,--,--,--,--,--,--,--,--,--,--,--,--,--,--,--,0.473,0.463,0.472,0.484,0.506,0.504,0.481,0.463
Seychelles,,,,,,,,,,,,,,,,,,,,,,,,,,,,,,,,,,
Sierra Leone,,,,,,,,,,,,,,,,,,,,,(s),(s),(s),(s),(s),(s),(s),(s),(s),(s),0.001,(s),(s),0.001
Singapore,,,,,,,,,,,0.002,0.005,0.005,0.005,0.005,0.005,0.005,0.005,0.005,0.005,0.005,0.01,0.01,0.01,0.01,0.009,0.009,0.01,0.005,0.005,0.006,0.006,0.006,0.007
Slovakia,--,--,--,--,--,--,--,--,--,--,--,--,--,0.232,0.242,0.237,0.235,0.226,0.231,0.245,0.284,0.295,0.305,0.284,0.274,0.276,0.279,0.247,0.261,0.237,0.25,0.251,0.252,0.25
Slovenia,--,--,--,--,--,--,--,--,--,--,--,--,0.135,0.125,0.13,0.139,0.139,0.137,0.138,0.139,0.139,0.14,0.145,0.139,0.151,0.146,0.144,0.14,0.155,0.154,0.151,0.148,0.14,0.136
Solomon Islands,,,,,,,,,,,,,,,,,,,,,,,,,,,,,,,,,,
Somalia,,,,,,,,,,,,,,,,,,,,,,,,(s),,,,,,,,,,
South Africa,2.612,2.896,3.134,3.281,3.715,3.979,4.098,4.07,4.236,4.119,4.036,4.12,4.031,4.395,4.598,4.841,4.856,5.401,5.501,5.507,5.54,5.525,5.456,5.901,6.078,6.052,6.04,6.052,6.153,6.071,6.243,6.151,6.272,5.928
Spain,0.87,0.924,1.03,1.132,1.282,1.331,1.367,1.356,1.486,1.439,1.427,1.436,1.342,1.335,1.328,1.189,1.349,1.28,1.305,1.257,1.336,1.514,1.335,1.509,1.461,1.297,1.395,1.388,1.386,1.424,1.72,1.535,1.547,1.659
Sri Lanka,0.015,0.016,0.017,0.013,0.022,0.025,0.027,0.022,0.027,0.029,0.032,0.032,0.03,0.039,0.042,0.045,0.033,0.035,0.04,0.042,0.032,0.032,0.027,0.033,0.03,0.034,0.038,0.039,0.041,0.038,0.055,0.046,0.033,0.067
Sudan and South Sudan,0.005,0.008,0.008,0.008,0.008,0.01,0.01,0.01,0.009,0.01,0.015,0.016,0.017,0.017,0.017,0.016,0.02,0.025,0.034,0.146,0.363,0.406,0.461,0.517,0.653,0.667,0.72,0.88,0.903,0.928,0.962,0.903,0.272,0.537
Suriname,0.009,0.009,0.011,0.008,0.009,0.012,0.013,0.008,0.012,0.021,0.021,0.023,0.026,0.026,0.029,0.029,0.031,0.025,0.029,0.036,0.03,0.031,0.031,0.031,0.031,0.031,0.035,0.04,0.045,0.045,0.044,0.044,0.042,0.04
Swaziland,0.006,0.006,0.005,0.003,0.005,0.006,0.006,0.006,0.006,0.007,0.006,0.005,0.005,0.003,0.007,0.007,0.006,0.011,0.011,0.013,0.011,0.013,0.015,0.012,0.012,0.013,0.013,0.014,0.013,0.012,0.011,0.01,0.009,0.002
Sweden,0.873,0.988,0.954,1.071,1.21,1.309,1.318,1.404,1.39,1.391,1.416,1.41,1.393,1.374,1.329,1.391,1.265,1.399,1.496,1.46,1.391,1.546,1.372,1.239,1.443,1.515,1.365,1.416,1.414,1.277,1.357,1.396,1.552,1.433
Switzerland,0.475,0.515,0.522,0.521,0.49,0.549,0.559,0.581,0.6,0.542,0.554,0.568,0.579,0.608,0.654,0.613,0.552,0.606,0.605,0.674,0.648,0.703,0.64,0.637,0.618,0.558,0.598,0.64,0.634,0.628,0.622,0.591,0.632,0.638
Syria,0.411,0.409,0.399,0.413,0.426,0.439,0.476,0.569,0.645,0.83,1.002,1.256,1.236,1.41,1.426,1.438,1.511,1.479,1.502,1.48,1.462,1.366,1.421,1.402,1.38,1.287,1.23,1.158,1.126,1.133,1.264,1.129,0.636,0.381
Taiwan,0.238,0.292,0.305,0.36,0.408,0.456,0.424,0.478,0.414,0.409,0.497,0.427,0.439,0.414,0.432,0.435,0.457,0.443,0.458,0.464,0.465,0.444,0.467,0.461,0.469,0.479,0.468,0.48,0.467,0.469,0.475,0.484,0.481,0.494
Tajikistan,--,--,--,--,--,--,--,--,--,--,--,--,0.177,0.183,0.175,0.153,0.154,0.142,0.146,0.16,0.143,0.148,0.155,0.167,0.166,0.172,0.168,0.172,0.169,0.159,0.164,0.161,0.168,0.172
Tanzania,0.01,0.011,0.011,0.011,0.012,0.012,0.011,0.012,0.013,0.015,0.016,0.018,0.017,0.019,0.016,0.017,0.019,0.015,0.022,0.024,0.024,0.029,0.029,0.027,0.029,0.033,0.033,0.044,0.046,0.05,0.056,0.052,0.056,0.053
Thailand,0.03,0.092,0.133,0.153,0.199,0.33,0.335,0.347,0.419,0.446,0.516,0.571,0.591,0.654,0.729,0.808,0.972,1.129,1.123,1.166,1.271,1.308,1.405,1.56,1.595,1.726,1.824,1.91,2.041,2.141,2.341,2.463,2.651,2.65
Timor-Leste (East Timor),--,--,--,--,--,--,--,--,--,--,--,--,--,--,--,--,--,--,--,--,--,--,--,,0.101,0.184,0.196,0.153,0.195,0.187,0.17,0.163,0.155,0.154
Togo,(s),(s),(s),(s),(s),(s),(s),(s),(s),(s),(s),0.002,0.001,0.002,0.002,0.003,0.002,(s),0.002,0.002,0.001,(s),(s),0.001,(s),(s),(s),(s),(s),0.001,(s),0.001,(s),(s)
Tonga,,,,,,,,,,,,,,,,,,,,,,,,,,,,,,,,,,
Trinidad and Tobago,0.55,0.612,0.502,0.485,0.576,0.611,0.528,0.495,0.507,0.509,0.515,0.547,0.514,0.535,0.561,0.581,0.616,0.628,0.625,0.731,0.815,0.843,0.944,1.253,1.354,1.477,1.712,1.758,1.763,1.806,1.858,1.77,1.812,1.813
Tunisia,0.245,0.262,0.271,0.268,0.275,0.255,0.249,0.242,0.238,0.241,0.216,0.234,0.253,0.225,0.211,0.2,0.216,0.245,0.247,0.253,0.246,0.243,0.252,0.256,0.27,0.264,0.266,0.244,0.235,0.244,0.248,0.22,0.216,0.209
Turkey,0.427,0.465,0.508,0.487,0.538,0.615,0.696,0.775,0.8,0.813,0.854,0.871,0.948,0.99,0.949,0.985,1.045,1.099,1.165,1.058,1.004,0.897,0.943,0.915,1.001,1.065,1.154,1.173,1.193,1.231,1.35,1.39,1.397,1.152
Turkmenistan,--,--,--,--,--,--,--,--,--,--,--,--,2.344,2.582,1.494,1.361,1.549,1.16,0.75,1.147,2.048,2.133,2.382,2.606,2.617,2.664,2.628,2.837,2.914,1.773,2.036,2.827,3.057,3.435
Turks and Caicos Islands,,,,,,,,,,,,,,,,,,,,,,,,,,,,,,,,,,
U.S. Pacific Islands,,,,,,(s),(s),(s),(s),(s),(s),(s),(s),(s),(s),(s),(s),(s),(s),(s),(s),(s),(s),(s),(s),(s),(s),(s),(s),(s),(s),(s),(s),(s)
Uganda,0.007,0.005,0.006,0.005,0.006,0.007,0.007,0.006,0.006,0.007,0.008,0.008,0.01,0.01,0.01,0.011,0.011,0.013,0.013,0.013,0.016,0.016,0.017,0.018,0.019,0.018,0.012,0.015,0.016,0.014,0.014,0.013,0.023,0.028
Ukraine,--,--,--,--,--,--,--,--,--,--,--,--,4.167,3.81,3.344,3.406,3.045,3.021,3.042,3.048,3.048,3.058,3.057,3.198,3.21,3.233,3.276,3.207,3.311,3.142,3.128,3.39,3.379,2.893
United Arab Emirates,3.888,3.454,2.999,2.909,3.004,3.292,3.678,4.209,4.222,4.994,5.512,6.241,6.11,5.783,5.836,6.14,6.34,6.501,6.607,6.253,6.767,6.593,6.499,7.13,7.424,7.59,7.868,7.915,8.128,7.519,7.641,8.463,8.917,8.987
United Kingdom,8.652,8.959,9.586,10.089,8.807,10.204,10.645,10.349,10.001,8.997,8.96,9.311,9.101,9.416,10.23,10.913,11.605,11.371,11.56,11.914,11.101,11.172,11.011,10.495,9.414,8.55,7.781,7.298,6.935,6.548,6.181,5.34,4.762,4.427
United States,67.175,66.951,66.569,64.114,68.84,67.698,67.066,67.542,68.919,69.32,70.705,70.362,69.956,68.315,70.726,71.174,72.486,72.472,72.876,71.742,71.332,71.735,70.713,69.939,70.234,69.434,70.744,71.415,73.223,72.667,74.764,77.955,79.155,81.747
Uruguay,0.023,0.026,0.025,0.075,0.073,0.067,0.075,0.075,0.055,0.04,0.073,0.064,0.082,0.075,0.077,0.06,0.059,0.066,0.093,0.056,0.072,0.094,0.096,0.086,0.048,0.067,0.036,0.08,0.052,0.059,0.093,0.072,0.062,0.088
Uzbekistan,--,--,--,--,--,--,--,--,--,--,--,--,1.798,1.912,2.052,2.145,2.153,2.178,2.386,2.385,2.41,2.654,2.455,2.46,2.546,2.505,2.59,2.665,2.791,2.483,2.487,2.609,2.617,2.493
Vanuatu,,,,,,,,,,,,,,,,,,,,,,,,,,,,,,,,,,
Venezuela,5.766,5.667,5.251,5.032,5.056,4.817,5.215,5.169,5.584,5.766,6.319,6.974,6.969,7.283,7.723,8.102,8.639,9.517,9.497,8.586,9.423,9.279,8.207,7.364,8.106,8.076,8.05,7.755,7.807,7.638,7.337,7.805,7.726,7.647
Vietnam,0.152,0.175,0.185,0.186,0.152,0.168,0.184,0.2,0.215,0.249,0.292,0.381,0.45,0.545,0.596,0.747,0.813,0.812,0.95,1.038,1.156,1.32,1.383,1.454,1.812,1.986,2.087,2.137,2.105,2.316,2.327,2.458,2.577,2.502
Virgin Islands,  U.S.,,,,,,,,,,,,,,,,,,,,,,,,,,,,,,,,,,
Virgin Islands, British,,,,,,,,,,,,,,,,,,,,,,,,,,,,,,,,,,
Wake Island,,,,,,,,,,,,,,,,,,,,,,,,,,,,,,,,,,
Western Sahara,,,,,,,,,,,,,,,,,,,,,,,,,,,,,,,,,,
Yemen,,,,,,,0.021,0.042,0.363,0.406,0.403,0.411,0.382,0.46,0.7,0.721,0.713,0.757,0.81,0.855,0.917,0.921,0.918,0.897,0.847,0.836,0.783,0.666,0.625,0.626,0.825,0.822,0.646,0.67
Zambia,0.108,0.114,0.119,0.116,0.115,0.116,0.116,0.099,0.099,0.081,0.09,0.089,0.091,0.088,0.084,0.084,0.077,0.084,0.081,0.083,0.083,0.086,0.087,0.088,0.087,0.092,0.097,0.095,0.093,0.097,0.101,0.11,0.118,0.128
Zimbabwe,0.116,0.109,0.107,0.109,0.109,0.116,0.129,0.157,0.154,0.164,0.183,0.199,0.19,0.162,0.15,0.145,0.141,0.129,0.131,0.154,0.147,0.142,0.145,0.149,0.146,0.146,0.145,0.142,0.125,0.125,0.135,0.136,0.132,0.126 